Source,Target,Musica
aracaju,natal,"abrindo e fechando"
aracaju,salvador,"sossego"
aracaju,natal,"la raba"
aracaju,teresina,"la raba"
aracaju,teresina,"eta (empina essa rabeta) - ao vivo"
aracaju,salvador,"quanto custa?"
aracaju,florianopolis,"vou te amar o ano inteiro - ao vivo"
aracaju,joao pessoa,"vou te amar o ano inteiro - ao vivo"
aracaju,maceio,"vou te amar o ano inteiro - ao vivo"
aracaju,sao luis,"vou te amar o ano inteiro - ao vivo"
aracaju,natal,"amor da sua vida - ao vivo"
aracaju,salvador,"ei olha o som (empinadinha) - ao vivo"
aracaju,natal,"toma conta de mim"
aracaju,brasilia,"o doce - acustico em trancoso / ao vivo"
aracaju,florianopolis,"o doce - acustico em trancoso / ao vivo"
aracaju,joao pessoa,"o doce - acustico em trancoso / ao vivo"
aracaju,maceio,"o doce - acustico em trancoso / ao vivo"
aracaju,sao luis,"o doce - acustico em trancoso / ao vivo"
aracaju,manaus,"ficar numa boa"
aracaju,teresina,"ficar numa boa"
aracaju,recife,"tudo que eu queria"
aracaju,joao pessoa,"absurda"
aracaju,sao luis,"absurda"
aracaju,natal,"pode balanca"
aracaju,belo horizonte,"acalanto"
aracaju,brasilia,"taquita"
aracaju,florianopolis,"taquita"
aracaju,joao pessoa,"taquita"
aracaju,maceio,"taquita"
aracaju,sao luis,"taquita"
aracaju,joao pessoa,"sentimental"
aracaju,sao luis,"sentimental"
aracaju,fortaleza,"voce chegou"
aracaju,manaus,"voce chegou"
aracaju,palmas,"voce chegou"
aracaju,teresina,"voce chegou"
aracaju,salvador,"o amor ta ai"
aracaju,natal,"disputa das potrancas"
aracaju,rio branco,"disputa das potrancas"
aracaju,teresina,"disputa das potrancas"
aracaju,natal,"mamacita"
aracaju,teresina,"mamacita"
aracaju,teresina,"acucar ou adocante"
aracaju,teresina,"sem vacilacao"
aracaju,natal,"tome baby"
aracaju,fortaleza,"nossa cancao"
aracaju,salvador,"desca dai seu corno"
aracaju,rio branco,"aquecimento da taina costa"
aracaju,teresina,"aquecimento da taina costa"
aracaju,natal,"deixa lenta"
aracaju,palmas,"deixa lenta"
aracaju,rio branco,"deixa lenta"
aracaju,teresina,"deixa lenta"
aracaju,fortaleza,"carta branca"
aracaju,natal,"carta branca"
aracaju,natal,"nao insista"
aracaju,teresina,"nao insista"
aracaju,natal,"ta rocheda"
aracaju,palmas,"ta rocheda"
aracaju,rio branco,"ta rocheda"
aracaju,teresina,"ta rocheda"
belem,brasilia,"fuego"
belem,goiania,"fuego"
belem,sao paulo,"fuego"
belem,brasilia,"papel amassado - na praia 2 / ao vivo"
belem,cuiaba,"papel amassado - na praia 2 / ao vivo"
belem,florianopolis,"papel amassado - na praia 2 / ao vivo"
belem,goiania,"papel amassado - na praia 2 / ao vivo"
belem,joao pessoa,"papel amassado - na praia 2 / ao vivo"
belem,maceio,"papel amassado - na praia 2 / ao vivo"
belem,porto velho,"papel amassado - na praia 2 / ao vivo"
belem,sao luis,"papel amassado - na praia 2 / ao vivo"
belem,sao paulo,"papel amassado - na praia 2 / ao vivo"
belem,brasilia,"to limpando voce da minha vida - ao vivo"
belem,manaus,"to limpando voce da minha vida - ao vivo"
belem,brasilia,"um tal de toma - ao vivo"
belem,joao pessoa,"um tal de toma - ao vivo"
belem,sao luis,"um tal de toma - ao vivo"
belem,brasilia,"santinha - ao vivo"
belem,cuiaba,"santinha - ao vivo"
belem,joao pessoa,"santinha - ao vivo"
belem,maceio,"santinha - ao vivo"
belem,sao luis,"santinha - ao vivo"
belem,brasilia,"de quem e a culpa - ao vivo"
belem,cuiaba,"de quem e a culpa - ao vivo"
belem,goiania,"de quem e a culpa - ao vivo"
belem,joao pessoa,"de quem e a culpa - ao vivo"
belem,maceio,"de quem e a culpa - ao vivo"
belem,porto velho,"de quem e a culpa - ao vivo"
belem,sao luis,"de quem e a culpa - ao vivo"
belem,sao paulo,"de quem e a culpa - ao vivo"
belem,brasilia,"o cacto e o balao"
belem,goiania,"o cacto e o balao"
belem,sao paulo,"o cacto e o balao"
belem,brasilia,"eu sei de cor - ao vivo"
belem,cuiaba,"eu sei de cor - ao vivo"
belem,goiania,"eu sei de cor - ao vivo"
belem,joao pessoa,"eu sei de cor - ao vivo"
belem,maceio,"eu sei de cor - ao vivo"
belem,sao luis,"eu sei de cor - ao vivo"
belem,sao paulo,"eu sei de cor - ao vivo"
belem,brasilia,"ate ex duvida - ao vivo"
belem,cuiaba,"ate ex duvida - ao vivo"
belem,florianopolis,"ate ex duvida - ao vivo"
belem,goiania,"ate ex duvida - ao vivo"
belem,joao pessoa,"ate ex duvida - ao vivo"
belem,maceio,"ate ex duvida - ao vivo"
belem,porto velho,"ate ex duvida - ao vivo"
belem,sao luis,"ate ex duvida - ao vivo"
belem,sao paulo,"ate ex duvida - ao vivo"
belem,brasilia,"do teto ao chao - ao vivo"
belem,cuiaba,"do teto ao chao - ao vivo"
belem,florianopolis,"do teto ao chao - ao vivo"
belem,goiania,"do teto ao chao - ao vivo"
belem,joao pessoa,"do teto ao chao - ao vivo"
belem,maceio,"do teto ao chao - ao vivo"
belem,porto velho,"do teto ao chao - ao vivo"
belem,sao luis,"do teto ao chao - ao vivo"
belem,sao paulo,"do teto ao chao - ao vivo"
belem,brasilia,"beba mais"
belem,goiania,"beba mais"
belem,sao paulo,"beba mais"
belem,joao pessoa,"oitava dose - na praia 2 / ao vivo"
belem,maceio,"oitava dose - na praia 2 / ao vivo"
belem,sao luis,"oitava dose - na praia 2 / ao vivo"
belem,sao luis,"vidro fume - ao vivo"
belem,brasilia,"quem chorava hoje ri - ao vivo"
belem,joao pessoa,"quem chorava hoje ri - ao vivo"
belem,manaus,"quem chorava hoje ri - ao vivo"
belem,sao luis,"quem chorava hoje ri - ao vivo"
belem,brasilia,"ela domina o ratata tum tum - ao vivo"
belem,maceio,"ela domina o ratata tum tum - ao vivo"
belem,sao luis,"ela domina o ratata tum tum - ao vivo"
belem,brasilia,"olha a explosao"
belem,goiania,"olha a explosao"
belem,joao pessoa,"olha a explosao"
belem,maceio,"olha a explosao"
belem,porto velho,"olha a explosao"
belem,sao luis,"olha a explosao"
belem,brasilia,"regime fechado - ao vivo"
belem,cuiaba,"regime fechado - ao vivo"
belem,goiania,"regime fechado - ao vivo"
belem,joao pessoa,"regime fechado - ao vivo"
belem,maceio,"regime fechado - ao vivo"
belem,porto velho,"regime fechado - ao vivo"
belem,sao luis,"regime fechado - ao vivo"
belem,brasilia,"todo dia"
belem,goiania,"todo dia"
belem,joao pessoa,"todo dia"
belem,sao paulo,"todo dia"
belem,joao pessoa,"loka"
belem,maceio,"loka"
belem,porto velho,"loka"
belem,sao luis,"loka"
belem,sao paulo,"loka"
belem,brasilia,"amor mal resolvido - ao vivo"
belem,cuiaba,"amor mal resolvido - ao vivo"
belem,goiania,"amor mal resolvido - ao vivo"
belem,sao paulo,"amor mal resolvido - ao vivo"
belem,sao paulo,"fala a verdade - ao vivo"
belem,cuiaba,"tumbalatum"
belem,florianopolis,"tumbalatum"
belem,goiania,"tumbalatum"
belem,joao pessoa,"tumbalatum"
belem,maceio,"tumbalatum"
belem,porto velho,"tumbalatum"
belem,sao luis,"tumbalatum"
belem,sao paulo,"tumbalatum"
belem,brasilia,"voce partiu meu coracao"
belem,cuiaba,"voce partiu meu coracao"
belem,goiania,"voce partiu meu coracao"
belem,joao pessoa,"voce partiu meu coracao"
belem,maceio,"voce partiu meu coracao"
belem,porto velho,"voce partiu meu coracao"
belem,sao luis,"voce partiu meu coracao"
belem,sao paulo,"voce partiu meu coracao"
belem,cuiaba,"singular"
belem,joao pessoa,"singular"
belem,cuiaba,"partiu"
belem,florianopolis,"partiu"
belem,goiania,"partiu"
belem,maceio,"partiu"
belem,porto velho,"partiu"
belem,sao luis,"partiu"
belem,sao paulo,"partiu"
belem,joao pessoa,"k.o."
belem,maceio,"k.o."
belem,sao luis,"k.o."
belem,sao paulo,"10% - ao vivo"
belem,porto velho,"paredes - ao vivo"
belem,cuiaba,"me espera"
belem,goiania,"me espera"
belem,joao pessoa,"me espera"
belem,maceio,"me espera"
belem,sao luis,"me espera"
belem,joao pessoa,"louca de saudade - ao vivo"
belem,sao paulo,"louca de saudade - ao vivo"
belem,brasilia,"50 reais"
belem,cuiaba,"50 reais"
belem,florianopolis,"50 reais"
belem,goiania,"50 reais"
belem,sao paulo,"50 reais"
belem,brasilia,"devagarinho"
belem,florianopolis,"devagarinho"
belem,joao pessoa,"devagarinho"
belem,maceio,"devagarinho"
belem,sao luis,"devagarinho"
belem,brasilia,"voce merece cache - ao vivo"
belem,cuiaba,"voce merece cache - ao vivo"
belem,goiania,"voce merece cache - ao vivo"
belem,joao pessoa,"voce merece cache - ao vivo"
belem,porto velho,"voce merece cache - ao vivo"
belem,sao luis,"voce merece cache - ao vivo"
belem,sao paulo,"voce merece cache - ao vivo"
belem,cuiaba,"na ponta ela fica"
belem,florianopolis,"na ponta ela fica"
belem,maceio,"na ponta ela fica"
belem,sao luis,"na ponta ela fica"
belem,sao paulo,"na ponta ela fica"
belem,brasilia,"homem de familia - ao vivo"
belem,cuiaba,"homem de familia - ao vivo"
belem,goiania,"homem de familia - ao vivo"
belem,porto velho,"homem de familia - ao vivo"
belem,sao paulo,"homem de familia - ao vivo"
belem,cuiaba,"me & you (feat. iro)"
belem,florianopolis,"me & you (feat. iro)"
belem,goiania,"me & you (feat. iro)"
belem,cuiaba,"sou eu"
belem,florianopolis,"sou eu"
belem,joao pessoa,"sou eu"
belem,maceio,"sou eu"
belem,sao luis,"sou eu"
belem,cuiaba,"nao me deixe sozinho"
belem,florianopolis,"nao me deixe sozinho"
belem,joao pessoa,"nao me deixe sozinho"
belem,maceio,"nao me deixe sozinho"
belem,sao luis,"nao me deixe sozinho"
belem,brasilia,"e essa boca ai? - ao vivo"
belem,cuiaba,"e essa boca ai? - ao vivo"
belem,florianopolis,"e essa boca ai? - ao vivo"
belem,goiania,"e essa boca ai? - ao vivo"
belem,porto velho,"e essa boca ai? - ao vivo"
belem,sao paulo,"e essa boca ai? - ao vivo"
belem,maceio,"bom"
belem,sao luis,"bom"
belem,brasilia,"acordando o predio"
belem,cuiaba,"acordando o predio"
belem,goiania,"acordando o predio"
belem,joao pessoa,"acordando o predio"
belem,maceio,"acordando o predio"
belem,porto velho,"acordando o predio"
belem,sao luis,"acordando o predio"
belem,cuiaba,"remexe mexe"
belem,goiania,"remexe mexe"
belem,joao pessoa,"remexe mexe"
belem,maceio,"remexe mexe"
belem,sao luis,"remexe mexe"
belem,brasilia,"ou some ou soma - ao vivo"
belem,joao pessoa,"ou some ou soma - ao vivo"
belem,sao paulo,"ou some ou soma - ao vivo"
belem,maceio,"eu, voce, o mar e ela"
belem,sao paulo,"eu, voce, o mar e ela"
belem,joao pessoa,"minha felicidade"
belem,maceio,"minha felicidade"
belem,sao luis,"minha felicidade"
belem,joao pessoa,"corpo sensual"
belem,maceio,"corpo sensual"
belem,sao luis,"corpo sensual"
belem,brasilia,"to fazendo amor"
belem,cuiaba,"to fazendo amor"
belem,florianopolis,"to fazendo amor"
belem,goiania,"to fazendo amor"
belem,porto velho,"to fazendo amor"
belem,sao luis,"to fazendo amor"
belem,sao paulo,"to fazendo amor"
belem,brasilia,"tudo de bom"
belem,cuiaba,"tudo de bom"
belem,florianopolis,"tudo de bom"
belem,maceio,"tudo de bom"
belem,porto velho,"tudo de bom"
belem,sao luis,"tudo de bom"
belem,joao pessoa,"ultimo romance"
belem,maceio,"ultimo romance"
belem,sao luis,"ultimo romance"
belem,cuiaba,"estaca zero"
belem,goiania,"estaca zero"
belem,joao pessoa,"estaca zero"
belem,maceio,"estaca zero"
belem,porto velho,"estaca zero"
belem,sao luis,"estaca zero"
belem,brasilia,"ficadinha - ao vivo"
belem,cuiaba,"ficadinha - ao vivo"
belem,goiania,"ficadinha - ao vivo"
belem,porto velho,"ficadinha - ao vivo"
belem,sao paulo,"ficadinha - ao vivo"
belem,cuiaba,"elas gostam"
belem,florianopolis,"elas gostam"
belem,goiania,"elas gostam"
belem,maceio,"elas gostam"
belem,porto velho,"elas gostam"
belem,sao luis,"elas gostam"
belem,brasilia,"o verao esta chegando"
belem,cuiaba,"o verao esta chegando"
belem,florianopolis,"o verao esta chegando"
belem,goiania,"o verao esta chegando"
belem,maceio,"o verao esta chegando"
belem,sao luis,"o verao esta chegando"
belem,sao paulo,"o verao esta chegando"
belem,porto velho,"seu policia - ao vivo"
belem,sao paulo,"seu policia - ao vivo"
belem,brasilia,"vidinha de balada - ao vivo"
belem,cuiaba,"vidinha de balada - ao vivo"
belem,goiania,"vidinha de balada - ao vivo"
belem,porto velho,"vidinha de balada - ao vivo"
belem,sao paulo,"vidinha de balada - ao vivo"
belem,cuiaba,"cheia de marra"
belem,florianopolis,"cheia de marra"
belem,maceio,"cheia de marra"
belem,porto velho,"cheia de marra"
belem,sao luis,"cheia de marra"
belem,brasilia,"farofei"
belem,cuiaba,"farofei"
belem,florianopolis,"farofei"
belem,goiania,"farofei"
belem,joao pessoa,"farofei"
belem,sao paulo,"farofei"
belem,florianopolis,"byob"
belem,goiania,"byob"
belem,brasilia,"aquele 1% - ao vivo"
belem,cuiaba,"aquele 1% - ao vivo"
belem,florianopolis,"aquele 1% - ao vivo"
belem,goiania,"aquele 1% - ao vivo"
belem,sao paulo,"aquele 1% - ao vivo"
belem,florianopolis,"suite 14 - ao vivo"
belem,sao paulo,"suite 14 - ao vivo"
belem,florianopolis,"malbec (part. dennis dj) - ao vivo"
belem,sao paulo,"malbec (part. dennis dj) - ao vivo"
belem,cuiaba,"voce foi diferente"
belem,cuiaba,"oh meu deus"
belem,florianopolis,"oh meu deus"
belem,goiania,"oh meu deus"
belem,joao pessoa,"oh meu deus"
belem,sao luis,"oh meu deus"
belem,cuiaba,"de buenas"
belem,goiania,"de buenas"
belem,porto velho,"de buenas"
belem,cuiaba,"ela so quer paz"
belem,florianopolis,"ela so quer paz"
belem,joao pessoa,"te pegar"
belem,maceio,"te pegar"
belem,sao luis,"te pegar"
belo horizonte,florianopolis,"lua cheia"
belo horizonte,campo grande,"hormonios - ao vivo"
belo horizonte,campo grande,"aceita que doi menos - ao vivo"
belo horizonte,brasilia,"cicatrizes"
belo horizonte,palmas,"canarinho prisioneiro - ao vivo"
brasilia,goiania,"fuego"
brasilia,sao paulo,"fuego"
brasilia,goiania,"se sobrar eu vendo - ao vivo"
brasilia,sao paulo,"se sobrar eu vendo - ao vivo"
brasilia,cuiaba,"papel amassado - na praia 2 / ao vivo"
brasilia,florianopolis,"papel amassado - na praia 2 / ao vivo"
brasilia,goiania,"papel amassado - na praia 2 / ao vivo"
brasilia,joao pessoa,"papel amassado - na praia 2 / ao vivo"
brasilia,maceio,"papel amassado - na praia 2 / ao vivo"
brasilia,porto velho,"papel amassado - na praia 2 / ao vivo"
brasilia,sao luis,"papel amassado - na praia 2 / ao vivo"
brasilia,sao paulo,"papel amassado - na praia 2 / ao vivo"
brasilia,goiania,"visao ta ouro"
brasilia,sao paulo,"espirito livre"
brasilia,cuiaba,"ate ex duvida - ao vivo"
brasilia,florianopolis,"ate ex duvida - ao vivo"
brasilia,goiania,"ate ex duvida - ao vivo"
brasilia,joao pessoa,"ate ex duvida - ao vivo"
brasilia,maceio,"ate ex duvida - ao vivo"
brasilia,porto velho,"ate ex duvida - ao vivo"
brasilia,sao luis,"ate ex duvida - ao vivo"
brasilia,sao paulo,"ate ex duvida - ao vivo"
brasilia,goiania,"o cacto e o balao"
brasilia,sao paulo,"o cacto e o balao"
brasilia,cuiaba,"do teto ao chao - ao vivo"
brasilia,florianopolis,"do teto ao chao - ao vivo"
brasilia,goiania,"do teto ao chao - ao vivo"
brasilia,joao pessoa,"do teto ao chao - ao vivo"
brasilia,maceio,"do teto ao chao - ao vivo"
brasilia,porto velho,"do teto ao chao - ao vivo"
brasilia,sao luis,"do teto ao chao - ao vivo"
brasilia,sao paulo,"do teto ao chao - ao vivo"
brasilia,goiania,"beba mais"
brasilia,sao paulo,"beba mais"
brasilia,cuiaba,"a nossa praia - na praia 2 / ao vivo"
brasilia,goiania,"a nossa praia - na praia 2 / ao vivo"
brasilia,porto velho,"a nossa praia - na praia 2 / ao vivo"
brasilia,cuiaba,"de quem e a culpa - ao vivo"
brasilia,goiania,"de quem e a culpa - ao vivo"
brasilia,joao pessoa,"de quem e a culpa - ao vivo"
brasilia,maceio,"de quem e a culpa - ao vivo"
brasilia,porto velho,"de quem e a culpa - ao vivo"
brasilia,sao luis,"de quem e a culpa - ao vivo"
brasilia,sao paulo,"de quem e a culpa - ao vivo"
brasilia,cuiaba,"eu sei de cor - ao vivo"
brasilia,goiania,"eu sei de cor - ao vivo"
brasilia,joao pessoa,"eu sei de cor - ao vivo"
brasilia,maceio,"eu sei de cor - ao vivo"
brasilia,sao luis,"eu sei de cor - ao vivo"
brasilia,sao paulo,"eu sei de cor - ao vivo"
brasilia,sao paulo,"saudade"
brasilia,sao paulo,"meu bloco"
brasilia,sao paulo,"uma noite e 1/2"
brasilia,manaus,"to limpando voce da minha vida - ao vivo"
brasilia,goiania,"amigo taxista"
brasilia,cuiaba,"bateria acabou"
brasilia,goiania,"bateria acabou"
brasilia,porto velho,"bateria acabou"
brasilia,goiania,"insonia"
brasilia,goiania,"traicao nao tem perdao - ao vivo"
brasilia,sao luis,"traicao nao tem perdao - ao vivo"
brasilia,cuiaba,"santinha - ao vivo"
brasilia,joao pessoa,"santinha - ao vivo"
brasilia,maceio,"santinha - ao vivo"
brasilia,sao luis,"santinha - ao vivo"
brasilia,goiania,"fecha o porta-malas - ao vivo"
brasilia,cuiaba,"cadeira de aco"
brasilia,goiania,"nao existe amor sem briga - ao vivo"
brasilia,goiania,"casa amarela"
brasilia,palmas,"casa amarela"
brasilia,goiania,"onde ha fumaca, ha fogo - ao vivo"
brasilia,joao pessoa,"um tal de toma - ao vivo"
brasilia,sao luis,"um tal de toma - ao vivo"
brasilia,joao pessoa,"to limpando voce da minha vida (feat. solange almeida)"
brasilia,maceio,"to limpando voce da minha vida (feat. solange almeida)"
brasilia,sao luis,"to limpando voce da minha vida (feat. solange almeida)"
brasilia,cuiaba,"sob nova direcao - ao vivo"
brasilia,goiania,"sob nova direcao - ao vivo"
brasilia,cuiaba,"sorte que ce beija bem - ao vivo"
brasilia,goiania,"sorte que ce beija bem - ao vivo"
brasilia,sao paulo,"sorte que ce beija bem - ao vivo"
brasilia,cuiaba,"regime fechado - ao vivo"
brasilia,goiania,"regime fechado - ao vivo"
brasilia,joao pessoa,"regime fechado - ao vivo"
brasilia,maceio,"regime fechado - ao vivo"
brasilia,porto velho,"regime fechado - ao vivo"
brasilia,sao luis,"regime fechado - ao vivo"
brasilia,goiania,"abre o portao que eu cheguei - ao vivo"
brasilia,joao pessoa,"maravilhosa e ela (faixa bonus) - ao vivo"
brasilia,maceio,"maravilhosa e ela (faixa bonus) - ao vivo"
brasilia,cuiaba,"a mala e falsa - ao vivo"
brasilia,goiania,"a mala e falsa - ao vivo"
brasilia,sao paulo,"a mala e falsa - ao vivo"
brasilia,cuiaba,"amor mal resolvido - ao vivo"
brasilia,goiania,"amor mal resolvido - ao vivo"
brasilia,sao paulo,"amor mal resolvido - ao vivo"
brasilia,goiania,"seu oposto"
brasilia,cuiaba,"ficadinha - ao vivo"
brasilia,goiania,"ficadinha - ao vivo"
brasilia,porto velho,"ficadinha - ao vivo"
brasilia,sao paulo,"ficadinha - ao vivo"
brasilia,cuiaba,"bengala e croche - ao vivo"
brasilia,goiania,"bengala e croche - ao vivo"
brasilia,cuiaba,"carencia - ao vivo"
brasilia,goiania,"carencia - ao vivo"
brasilia,cuiaba,"vidinha de balada - ao vivo"
brasilia,goiania,"vidinha de balada - ao vivo"
brasilia,porto velho,"vidinha de balada - ao vivo"
brasilia,sao paulo,"vidinha de balada - ao vivo"
brasilia,maceio,"ela domina o ratata tum tum - ao vivo"
brasilia,sao luis,"ela domina o ratata tum tum - ao vivo"
brasilia,cuiaba,"reza ai"
brasilia,goiania,"reza ai"
brasilia,sao luis,"reza ai"
brasilia,goiania,"la se foi o boi com a corda"
brasilia,cuiaba,"farofei"
brasilia,florianopolis,"farofei"
brasilia,goiania,"farofei"
brasilia,joao pessoa,"farofei"
brasilia,sao paulo,"farofei"
brasilia,joao pessoa,"daquele jeito"
brasilia,maceio,"daquele jeito"
brasilia,sao luis,"daquele jeito"
brasilia,cuiaba,"eu to com ismo"
brasilia,goiania,"eu to com ismo"
brasilia,joao pessoa,"eu to com ismo"
brasilia,maceio,"eu to com ismo"
brasilia,cuiaba,"piloto automatico"
brasilia,florianopolis,"piloto automatico"
brasilia,goiania,"piloto automatico"
brasilia,joao pessoa,"piloto automatico"
brasilia,maceio,"piloto automatico"
brasilia,sao luis,"piloto automatico"
brasilia,cuiaba,"ninguem e de ferro"
brasilia,goiania,"ninguem e de ferro"
brasilia,porto velho,"ninguem e de ferro"
brasilia,cuiaba,"to fazendo amor"
brasilia,florianopolis,"to fazendo amor"
brasilia,goiania,"to fazendo amor"
brasilia,porto velho,"to fazendo amor"
brasilia,sao luis,"to fazendo amor"
brasilia,sao paulo,"to fazendo amor"
brasilia,joao pessoa,"quem chorava hoje ri - ao vivo"
brasilia,manaus,"quem chorava hoje ri - ao vivo"
brasilia,sao luis,"quem chorava hoje ri - ao vivo"
brasilia,cuiaba,"ciumento eu - ao vivo"
brasilia,goiania,"ciumento eu - ao vivo"
brasilia,porto velho,"ciumento eu - ao vivo"
brasilia,cuiaba,"duvido voce nao tomar uma - ao vivo"
brasilia,goiania,"duvido voce nao tomar uma - ao vivo"
brasilia,goiania,"todo dia"
brasilia,joao pessoa,"todo dia"
brasilia,sao paulo,"todo dia"
brasilia,cuiaba,"olha o gas - dennis remix"
brasilia,florianopolis,"olha o gas - dennis remix"
brasilia,goiania,"olha o gas - dennis remix"
brasilia,joao pessoa,"olha o gas - dennis remix"
brasilia,maceio,"olha o gas - dennis remix"
brasilia,porto velho,"olha o gas - dennis remix"
brasilia,sao luis,"olha o gas - dennis remix"
brasilia,sao paulo,"olha o gas - dennis remix"
brasilia,florianopolis,"to de boaca - ao vivo"
brasilia,joao pessoa,"to de boaca - ao vivo"
brasilia,maceio,"to de boaca - ao vivo"
brasilia,sao luis,"to de boaca - ao vivo"
brasilia,cuiaba,"chave copia - ao vivo"
brasilia,goiania,"chave copia - ao vivo"
brasilia,campo grande,"meia noite e meia"
brasilia,goiania,"meia noite e meia"
brasilia,goiania,"raspao - ao vivo"
brasilia,cuiaba,"voce partiu meu coracao"
brasilia,goiania,"voce partiu meu coracao"
brasilia,joao pessoa,"voce partiu meu coracao"
brasilia,maceio,"voce partiu meu coracao"
brasilia,porto velho,"voce partiu meu coracao"
brasilia,sao luis,"voce partiu meu coracao"
brasilia,sao paulo,"voce partiu meu coracao"
brasilia,cuiaba,"voce merece cache - ao vivo"
brasilia,goiania,"voce merece cache - ao vivo"
brasilia,joao pessoa,"voce merece cache - ao vivo"
brasilia,porto velho,"voce merece cache - ao vivo"
brasilia,sao luis,"voce merece cache - ao vivo"
brasilia,sao paulo,"voce merece cache - ao vivo"
brasilia,goiania,"olha a explosao"
brasilia,joao pessoa,"olha a explosao"
brasilia,maceio,"olha a explosao"
brasilia,porto velho,"olha a explosao"
brasilia,sao luis,"olha a explosao"
brasilia,natal,"so mais uma vez - ao vivo"
brasilia,cuiaba,"voce me trocou - ao vivo"
brasilia,goiania,"voce me trocou - ao vivo"
brasilia,cuiaba,"deixa eu voar"
brasilia,goiania,"deixa eu voar"
brasilia,cuiaba,"o verao esta chegando"
brasilia,florianopolis,"o verao esta chegando"
brasilia,goiania,"o verao esta chegando"
brasilia,maceio,"o verao esta chegando"
brasilia,sao luis,"o verao esta chegando"
brasilia,sao paulo,"o verao esta chegando"
brasilia,florianopolis,"devagarinho"
brasilia,joao pessoa,"devagarinho"
brasilia,maceio,"devagarinho"
brasilia,sao luis,"devagarinho"
brasilia,joao pessoa,"vem nenem / agachadinho / nova danca - ao vivo em salvador"
brasilia,maceio,"vem nenem / agachadinho / nova danca - ao vivo em salvador"
brasilia,sao luis,"vem nenem / agachadinho / nova danca - ao vivo em salvador"
brasilia,goiania,"podia ser nos dois - ao vivo"
brasilia,florianopolis,"michael douglas"
brasilia,goiania,"michael douglas"
brasilia,sao paulo,"michael douglas"
brasilia,cuiaba,"homem de familia - ao vivo"
brasilia,goiania,"homem de familia - ao vivo"
brasilia,porto velho,"homem de familia - ao vivo"
brasilia,sao paulo,"homem de familia - ao vivo"
brasilia,cuiaba,"aquele 1% - ao vivo"
brasilia,florianopolis,"aquele 1% - ao vivo"
brasilia,goiania,"aquele 1% - ao vivo"
brasilia,sao paulo,"aquele 1% - ao vivo"
brasilia,florianopolis,"envolvidao"
brasilia,sao paulo,"envolvidao"
brasilia,cuiaba,"e essa boca ai? - ao vivo"
brasilia,florianopolis,"e essa boca ai? - ao vivo"
brasilia,goiania,"e essa boca ai? - ao vivo"
brasilia,porto velho,"e essa boca ai? - ao vivo"
brasilia,sao paulo,"e essa boca ai? - ao vivo"
brasilia,florianopolis,"o doce - acustico em trancoso / ao vivo"
brasilia,joao pessoa,"o doce - acustico em trancoso / ao vivo"
brasilia,maceio,"o doce - acustico em trancoso / ao vivo"
brasilia,sao luis,"o doce - acustico em trancoso / ao vivo"
brasilia,cuiaba,"acordando o predio"
brasilia,goiania,"acordando o predio"
brasilia,joao pessoa,"acordando o predio"
brasilia,maceio,"acordando o predio"
brasilia,porto velho,"acordando o predio"
brasilia,sao luis,"acordando o predio"
brasilia,cuiaba,"deixa a gente quieto - ao vivo"
brasilia,goiania,"deixa a gente quieto - ao vivo"
brasilia,porto velho,"deixa a gente quieto - ao vivo"
brasilia,sao paulo,"deixa a gente quieto - ao vivo"
brasilia,joao pessoa,"ou some ou soma - ao vivo"
brasilia,sao paulo,"ou some ou soma - ao vivo"
brasilia,cuiaba,"50 reais"
brasilia,florianopolis,"50 reais"
brasilia,goiania,"50 reais"
brasilia,sao paulo,"50 reais"
brasilia,florianopolis,"agora"
brasilia,joao pessoa,"agora"
brasilia,sao luis,"agora"
brasilia,cuiaba,"eu quero e voce quer"
brasilia,florianopolis,"eu quero e voce quer"
brasilia,joao pessoa,"eu quero e voce quer"
brasilia,maceio,"eu quero e voce quer"
brasilia,sao luis,"eu quero e voce quer"
brasilia,cuiaba,"enquanto eu brindo ce chora"
brasilia,goiania,"enquanto eu brindo ce chora"
brasilia,goiania,"nada bom ii"
brasilia,sao paulo,"nada bom ii"
brasilia,florianopolis,"taquita"
brasilia,joao pessoa,"taquita"
brasilia,maceio,"taquita"
brasilia,sao luis,"taquita"
brasilia,goiania,"evidencias - ao vivo"
brasilia,cuiaba,"tudo de bom"
brasilia,florianopolis,"tudo de bom"
brasilia,maceio,"tudo de bom"
brasilia,porto velho,"tudo de bom"
brasilia,sao luis,"tudo de bom"
brasilia,cuiaba,"de tanto te querer - ao vivo"
brasilia,goiania,"de tanto te querer - ao vivo"
campo grande,cuiaba,"precipicio"
campo grande,goiania,"precipicio"
campo grande,palmas,"de mala e cuia"
campo grande,palmas,"e desse jeito que eu to"
campo grande,palmas,"meu nada - ao vivo"
campo grande,palmas,"estrelinha - ao vivo"
campo grande,rio branco,"nem aqui nem na china"
campo grande,palmas,"coracao de isca - ao vivo"
campo grande,rio branco,"coracao de isca - ao vivo"
campo grande,goiania,"meia noite e meia"
campo grande,palmas,"amargurado"
campo grande,palmas,"de joelhos"
campo grande,palmas,"cao arrependido (feat. israel & rodolffo) - ao vivo"
campo grande,palmas,"mala - ao vivo"
campo grande,teresina,"mala - ao vivo"
campo grande,natal,"meu alvo"
campo grande,rio branco,"a dama da noite - ao vivo"
campo grande,rio branco,"chorando na calcada (ao vivo)"
campo grande,teresina,"teus planos"
campo grande,palmas,"ne"
campo grande,rio branco,"ne"
campo grande,palmas,"amor de camelo"
cuiaba,florianopolis,"papel amassado - na praia 2 / ao vivo"
cuiaba,goiania,"papel amassado - na praia 2 / ao vivo"
cuiaba,joao pessoa,"papel amassado - na praia 2 / ao vivo"
cuiaba,maceio,"papel amassado - na praia 2 / ao vivo"
cuiaba,porto velho,"papel amassado - na praia 2 / ao vivo"
cuiaba,sao luis,"papel amassado - na praia 2 / ao vivo"
cuiaba,sao paulo,"papel amassado - na praia 2 / ao vivo"
cuiaba,florianopolis,"do teto ao chao - ao vivo"
cuiaba,goiania,"do teto ao chao - ao vivo"
cuiaba,joao pessoa,"do teto ao chao - ao vivo"
cuiaba,maceio,"do teto ao chao - ao vivo"
cuiaba,porto velho,"do teto ao chao - ao vivo"
cuiaba,sao luis,"do teto ao chao - ao vivo"
cuiaba,sao paulo,"do teto ao chao - ao vivo"
cuiaba,florianopolis,"ate ex duvida - ao vivo"
cuiaba,goiania,"ate ex duvida - ao vivo"
cuiaba,joao pessoa,"ate ex duvida - ao vivo"
cuiaba,maceio,"ate ex duvida - ao vivo"
cuiaba,porto velho,"ate ex duvida - ao vivo"
cuiaba,sao luis,"ate ex duvida - ao vivo"
cuiaba,sao paulo,"ate ex duvida - ao vivo"
cuiaba,goiania,"a nossa praia - na praia 2 / ao vivo"
cuiaba,porto velho,"a nossa praia - na praia 2 / ao vivo"
cuiaba,goiania,"de quem e a culpa - ao vivo"
cuiaba,joao pessoa,"de quem e a culpa - ao vivo"
cuiaba,maceio,"de quem e a culpa - ao vivo"
cuiaba,porto velho,"de quem e a culpa - ao vivo"
cuiaba,sao luis,"de quem e a culpa - ao vivo"
cuiaba,sao paulo,"de quem e a culpa - ao vivo"
cuiaba,florianopolis,"piloto automatico"
cuiaba,goiania,"piloto automatico"
cuiaba,joao pessoa,"piloto automatico"
cuiaba,maceio,"piloto automatico"
cuiaba,sao luis,"piloto automatico"
cuiaba,florianopolis,"to fazendo amor"
cuiaba,goiania,"to fazendo amor"
cuiaba,porto velho,"to fazendo amor"
cuiaba,sao luis,"to fazendo amor"
cuiaba,sao paulo,"to fazendo amor"
cuiaba,porto velho,"fumaca ninja - ao vivo"
cuiaba,goiania,"faixa 3 - ao vivo"
cuiaba,porto velho,"faixa 3 - ao vivo"
cuiaba,goiania,"ze trovao"
cuiaba,goiania,"vish, aff, putz, nossa"
cuiaba,porto velho,"vish, aff, putz, nossa"
cuiaba,goiania,"ciumento eu - ao vivo"
cuiaba,porto velho,"ciumento eu - ao vivo"
cuiaba,goiania,"chave copia - ao vivo"
cuiaba,goiania,"ficadinha - ao vivo"
cuiaba,porto velho,"ficadinha - ao vivo"
cuiaba,sao paulo,"ficadinha - ao vivo"
cuiaba,goiania,"baldinho de balada - ao vivo"
cuiaba,porto velho,"baldinho de balada - ao vivo"
cuiaba,goiania,"bateria acabou"
cuiaba,porto velho,"bateria acabou"
cuiaba,goiania,"dito e feito"
cuiaba,porto velho,"amante nao tem lar - ao vivo"
cuiaba,goiania,"eu sei de cor - ao vivo"
cuiaba,joao pessoa,"eu sei de cor - ao vivo"
cuiaba,maceio,"eu sei de cor - ao vivo"
cuiaba,sao luis,"eu sei de cor - ao vivo"
cuiaba,sao paulo,"eu sei de cor - ao vivo"
cuiaba,goiania,"deixa a gente quieto - ao vivo"
cuiaba,porto velho,"deixa a gente quieto - ao vivo"
cuiaba,sao paulo,"deixa a gente quieto - ao vivo"
cuiaba,goiania,"regime fechado - ao vivo"
cuiaba,joao pessoa,"regime fechado - ao vivo"
cuiaba,maceio,"regime fechado - ao vivo"
cuiaba,porto velho,"regime fechado - ao vivo"
cuiaba,sao luis,"regime fechado - ao vivo"
cuiaba,goiania,"solteiro apaixonado"
cuiaba,porto velho,"solteiro apaixonado"
cuiaba,sao paulo,"solteiro apaixonado"
cuiaba,goiania,"a mala e falsa - ao vivo"
cuiaba,sao paulo,"a mala e falsa - ao vivo"
cuiaba,goiania,"precipicio"
cuiaba,goiania,"deixa eu voar"
cuiaba,goiania,"de buenas"
cuiaba,porto velho,"de buenas"
cuiaba,florianopolis,"olha o gas - dennis remix"
cuiaba,goiania,"olha o gas - dennis remix"
cuiaba,joao pessoa,"olha o gas - dennis remix"
cuiaba,maceio,"olha o gas - dennis remix"
cuiaba,porto velho,"olha o gas - dennis remix"
cuiaba,sao luis,"olha o gas - dennis remix"
cuiaba,sao paulo,"olha o gas - dennis remix"
cuiaba,goiania,"se o amor tiver lugar"
cuiaba,porto velho,"se o amor tiver lugar"
cuiaba,goiania,"ninguem e de ferro"
cuiaba,porto velho,"ninguem e de ferro"
cuiaba,goiania,"vacilou, caio na farra"
cuiaba,goiania,"vidinha de balada - ao vivo"
cuiaba,porto velho,"vidinha de balada - ao vivo"
cuiaba,sao paulo,"vidinha de balada - ao vivo"
cuiaba,goiania,"duvido voce nao tomar uma - ao vivo"
cuiaba,goiania,"voce merece cache - ao vivo"
cuiaba,joao pessoa,"voce merece cache - ao vivo"
cuiaba,porto velho,"voce merece cache - ao vivo"
cuiaba,sao luis,"voce merece cache - ao vivo"
cuiaba,sao paulo,"voce merece cache - ao vivo"
cuiaba,goiania,"amor mal resolvido - ao vivo"
cuiaba,sao paulo,"amor mal resolvido - ao vivo"
cuiaba,goiania,"voce me trocou - ao vivo"
cuiaba,curitiba,"chorou na escadaria"
cuiaba,goiania,"made in roca"
cuiaba,sao paulo,"made in roca"
cuiaba,goiania,"50/50 - ao vivo"
cuiaba,florianopolis,"e essa boca ai? - ao vivo"
cuiaba,goiania,"e essa boca ai? - ao vivo"
cuiaba,porto velho,"e essa boca ai? - ao vivo"
cuiaba,sao paulo,"e essa boca ai? - ao vivo"
cuiaba,goiania,"de tanto te querer - ao vivo"
cuiaba,goiania,"pra sempre com voce - ao vivo"
cuiaba,sao paulo,"pra sempre com voce - ao vivo"
cuiaba,porto velho,"x na comanda - ao vivo"
cuiaba,goiania,"acordando o predio"
cuiaba,joao pessoa,"acordando o predio"
cuiaba,maceio,"acordando o predio"
cuiaba,porto velho,"acordando o predio"
cuiaba,sao luis,"acordando o predio"
cuiaba,goiania,"sorte que ce beija bem - ao vivo"
cuiaba,sao paulo,"sorte que ce beija bem - ao vivo"
cuiaba,florianopolis,"amiga parceira"
cuiaba,goiania,"amiga parceira"
cuiaba,sao paulo,"amiga parceira"
cuiaba,goiania,"homem de familia - ao vivo"
cuiaba,porto velho,"homem de familia - ao vivo"
cuiaba,sao paulo,"homem de familia - ao vivo"
cuiaba,florianopolis,"minha ex"
cuiaba,goiania,"minha ex"
cuiaba,goiania,"na hora da raiva - ao vivo"
cuiaba,sao paulo,"na hora da raiva - ao vivo"
cuiaba,goiania,"sob nova direcao - ao vivo"
cuiaba,goiania,"estaca zero"
cuiaba,joao pessoa,"estaca zero"
cuiaba,maceio,"estaca zero"
cuiaba,porto velho,"estaca zero"
cuiaba,sao luis,"estaca zero"
cuiaba,goiania,"meu coracao deu pt - ao vivo"
cuiaba,porto velho,"meu coracao deu pt - ao vivo"
cuiaba,sao paulo,"meu coracao deu pt - ao vivo"
cuiaba,goiania,"bengala e croche - ao vivo"
cuiaba,goiania,"ate voce voltar"
cuiaba,florianopolis,"tumbalatum"
cuiaba,goiania,"tumbalatum"
cuiaba,joao pessoa,"tumbalatum"
cuiaba,maceio,"tumbalatum"
cuiaba,porto velho,"tumbalatum"
cuiaba,sao luis,"tumbalatum"
cuiaba,sao paulo,"tumbalatum"
cuiaba,florianopolis,"o verao esta chegando"
cuiaba,goiania,"o verao esta chegando"
cuiaba,maceio,"o verao esta chegando"
cuiaba,sao luis,"o verao esta chegando"
cuiaba,sao paulo,"o verao esta chegando"
cuiaba,goiania,"voce partiu meu coracao"
cuiaba,joao pessoa,"voce partiu meu coracao"
cuiaba,maceio,"voce partiu meu coracao"
cuiaba,porto velho,"voce partiu meu coracao"
cuiaba,sao luis,"voce partiu meu coracao"
cuiaba,sao paulo,"voce partiu meu coracao"
cuiaba,goiania,"ta combinado - live"
cuiaba,salvador,"ta combinado - live"
cuiaba,goiania,"enquanto eu brindo ce chora"
cuiaba,florianopolis,"50 reais"
cuiaba,goiania,"50 reais"
cuiaba,sao paulo,"50 reais"
cuiaba,florianopolis,"partiu"
cuiaba,goiania,"partiu"
cuiaba,maceio,"partiu"
cuiaba,porto velho,"partiu"
cuiaba,sao luis,"partiu"
cuiaba,sao paulo,"partiu"
cuiaba,goiania,"fantasma"
cuiaba,joao pessoa,"fantasma"
cuiaba,sao luis,"fantasma"
cuiaba,florianopolis,"aquele 1% - ao vivo"
cuiaba,goiania,"aquele 1% - ao vivo"
cuiaba,sao paulo,"aquele 1% - ao vivo"
cuiaba,goiania,"reza ai"
cuiaba,sao luis,"reza ai"
cuiaba,goiania,"me espera"
cuiaba,joao pessoa,"me espera"
cuiaba,maceio,"me espera"
cuiaba,sao luis,"me espera"
cuiaba,florianopolis,"hoje e dia de maldade"
cuiaba,joao pessoa,"hoje e dia de maldade"
cuiaba,maceio,"hoje e dia de maldade"
cuiaba,sao luis,"hoje e dia de maldade"
cuiaba,joao pessoa,"santinha - ao vivo"
cuiaba,maceio,"santinha - ao vivo"
cuiaba,sao luis,"santinha - ao vivo"
cuiaba,goiania,"solteiro de novo - ao vivo"
cuiaba,porto velho,"solteiro de novo - ao vivo"
cuiaba,sao paulo,"solteiro de novo - ao vivo"
cuiaba,goiania,"carencia - ao vivo"
cuiaba,florianopolis,"me & you (feat. iro)"
cuiaba,goiania,"me & you (feat. iro)"
cuiaba,florianopolis,"pe direito"
cuiaba,goiania,"pe direito"
cuiaba,porto velho,"pe direito"
cuiaba,sao paulo,"pe direito"
cuiaba,florianopolis,"elas gostam"
cuiaba,goiania,"elas gostam"
cuiaba,maceio,"elas gostam"
cuiaba,porto velho,"elas gostam"
cuiaba,sao luis,"elas gostam"
cuiaba,maceio,"apaga a luz e toma"
cuiaba,sao luis,"apaga a luz e toma"
cuiaba,florianopolis,"oh meu deus"
cuiaba,goiania,"oh meu deus"
cuiaba,joao pessoa,"oh meu deus"
cuiaba,sao luis,"oh meu deus"
cuiaba,goiania,"remexe mexe"
cuiaba,joao pessoa,"remexe mexe"
cuiaba,maceio,"remexe mexe"
cuiaba,sao luis,"remexe mexe"
cuiaba,florianopolis,"na ponta ela fica"
cuiaba,maceio,"na ponta ela fica"
cuiaba,sao luis,"na ponta ela fica"
cuiaba,sao paulo,"na ponta ela fica"
cuiaba,florianopolis,"tudo de bom"
cuiaba,maceio,"tudo de bom"
cuiaba,porto velho,"tudo de bom"
cuiaba,sao luis,"tudo de bom"
cuiaba,florianopolis,"sou eu"
cuiaba,joao pessoa,"sou eu"
cuiaba,maceio,"sou eu"
cuiaba,sao luis,"sou eu"
cuiaba,florianopolis,"ela so quer paz"
cuiaba,florianopolis,"nao me deixe sozinho"
cuiaba,joao pessoa,"nao me deixe sozinho"
cuiaba,maceio,"nao me deixe sozinho"
cuiaba,sao luis,"nao me deixe sozinho"
cuiaba,joao pessoa,"voce gosta assim"
cuiaba,sao luis,"voce gosta assim"
cuiaba,goiania,"eu to com ismo"
cuiaba,joao pessoa,"eu to com ismo"
cuiaba,maceio,"eu to com ismo"
cuiaba,florianopolis,"eu quero e voce quer"
cuiaba,joao pessoa,"eu quero e voce quer"
cuiaba,maceio,"eu quero e voce quer"
cuiaba,sao luis,"eu quero e voce quer"
cuiaba,florianopolis,"that's my way - alok remix"
cuiaba,goiania,"that's my way - alok remix"
cuiaba,joao pessoa,"singular"
cuiaba,florianopolis,"cheia de marra"
cuiaba,maceio,"cheia de marra"
cuiaba,porto velho,"cheia de marra"
cuiaba,sao luis,"cheia de marra"
cuiaba,porto velho,"esqueceu do ex"
cuiaba,joao pessoa,"amei te ver (acustica) - acustica"
cuiaba,maceio,"amei te ver (acustica) - acustica"
cuiaba,florianopolis,"farofei"
cuiaba,goiania,"farofei"
cuiaba,joao pessoa,"farofei"
cuiaba,sao paulo,"farofei"
cuiaba,joao pessoa,"medo bobo - remix"
cuiaba,sao luis,"medo bobo - remix"
cuiaba,sao paulo,"tao feliz - ao vivo"
curitiba,porto alegre,"de chao batido"
curitiba,porto alegre,"um bagual corcoveador"
curitiba,porto alegre,"cadela baia"
curitiba,porto alegre,"canto alegre"
curitiba,porto alegre,"baile do sapucay"
curitiba,porto alegre,"gritos de liberdade"
florianopolis,goiania,"papel amassado - na praia 2 / ao vivo"
florianopolis,joao pessoa,"papel amassado - na praia 2 / ao vivo"
florianopolis,maceio,"papel amassado - na praia 2 / ao vivo"
florianopolis,porto velho,"papel amassado - na praia 2 / ao vivo"
florianopolis,sao luis,"papel amassado - na praia 2 / ao vivo"
florianopolis,sao paulo,"papel amassado - na praia 2 / ao vivo"
florianopolis,goiania,"ate ex duvida - ao vivo"
florianopolis,joao pessoa,"ate ex duvida - ao vivo"
florianopolis,maceio,"ate ex duvida - ao vivo"
florianopolis,porto velho,"ate ex duvida - ao vivo"
florianopolis,sao luis,"ate ex duvida - ao vivo"
florianopolis,sao paulo,"ate ex duvida - ao vivo"
florianopolis,goiania,"piloto automatico"
florianopolis,joao pessoa,"piloto automatico"
florianopolis,maceio,"piloto automatico"
florianopolis,sao luis,"piloto automatico"
florianopolis,sao luis,"me libera nega - remix - dennis dj"
florianopolis,goiania,"do teto ao chao - ao vivo"
florianopolis,joao pessoa,"do teto ao chao - ao vivo"
florianopolis,maceio,"do teto ao chao - ao vivo"
florianopolis,porto velho,"do teto ao chao - ao vivo"
florianopolis,sao luis,"do teto ao chao - ao vivo"
florianopolis,sao paulo,"do teto ao chao - ao vivo"
florianopolis,sao luis,"melo da batedeira"
florianopolis,joao pessoa,"vou te amar o ano inteiro - ao vivo"
florianopolis,maceio,"vou te amar o ano inteiro - ao vivo"
florianopolis,sao luis,"vou te amar o ano inteiro - ao vivo"
florianopolis,goiania,"michael douglas"
florianopolis,sao paulo,"michael douglas"
florianopolis,fortaleza,"voce nao vale nada"
florianopolis,maceio,"voce nao vale nada"
florianopolis,goiania,"olha o gas - dennis remix"
florianopolis,joao pessoa,"olha o gas - dennis remix"
florianopolis,maceio,"olha o gas - dennis remix"
florianopolis,porto velho,"olha o gas - dennis remix"
florianopolis,sao luis,"olha o gas - dennis remix"
florianopolis,sao paulo,"olha o gas - dennis remix"
florianopolis,joao pessoa,"por conta desse amor"
florianopolis,maceio,"por conta desse amor"
florianopolis,sao luis,"por conta desse amor"
florianopolis,goiania,"that's my way - alok remix"
florianopolis,sao paulo,"te assumi pro brasil - ao vivo"
florianopolis,joao pessoa,"cade voce? - acustico em trancoso / ao vivo"
florianopolis,maceio,"cade voce? - acustico em trancoso / ao vivo"
florianopolis,sao luis,"cade voce? - acustico em trancoso / ao vivo"
florianopolis,joao pessoa,"hoje e dia de maldade"
florianopolis,maceio,"hoje e dia de maldade"
florianopolis,sao luis,"hoje e dia de maldade"
florianopolis,sao luis,"chefe monstro"
florianopolis,sao paulo,"puxa agarra e beija - ao vivo"
florianopolis,joao pessoa,"to de boaca - ao vivo"
florianopolis,maceio,"to de boaca - ao vivo"
florianopolis,sao luis,"to de boaca - ao vivo"
florianopolis,goiania,"to fazendo amor"
florianopolis,porto velho,"to fazendo amor"
florianopolis,sao luis,"to fazendo amor"
florianopolis,sao paulo,"to fazendo amor"
florianopolis,sao paulo,"namorar pra que"
florianopolis,joao pessoa,"sou eu"
florianopolis,maceio,"sou eu"
florianopolis,sao luis,"sou eu"
florianopolis,joao pessoa,"cherecucheco"
florianopolis,maceio,"cherecucheco"
florianopolis,sao luis,"cherecucheco"
florianopolis,goiania,"o verao esta chegando"
florianopolis,maceio,"o verao esta chegando"
florianopolis,sao luis,"o verao esta chegando"
florianopolis,sao paulo,"o verao esta chegando"
florianopolis,joao pessoa,"me namora (feat. edu ribeiro) - ao vivo"
florianopolis,maceio,"me namora (feat. edu ribeiro) - ao vivo"
florianopolis,joao pessoa,"nao me deixe sozinho"
florianopolis,maceio,"nao me deixe sozinho"
florianopolis,sao luis,"nao me deixe sozinho"
florianopolis,joao pessoa,"o doce - acustico em trancoso / ao vivo"
florianopolis,maceio,"o doce - acustico em trancoso / ao vivo"
florianopolis,sao luis,"o doce - acustico em trancoso / ao vivo"
florianopolis,maceio,"na ponta ela fica"
florianopolis,sao luis,"na ponta ela fica"
florianopolis,sao paulo,"na ponta ela fica"
florianopolis,joao pessoa,"casado, namorando, solteiro"
florianopolis,maceio,"casado, namorando, solteiro"
florianopolis,sao luis,"casado, namorando, solteiro"
florianopolis,maceio,"tudo de bom"
florianopolis,porto velho,"tudo de bom"
florianopolis,sao luis,"tudo de bom"
florianopolis,joao pessoa,"agora"
florianopolis,sao luis,"agora"
florianopolis,goiania,"partiu"
florianopolis,maceio,"partiu"
florianopolis,porto velho,"partiu"
florianopolis,sao luis,"partiu"
florianopolis,sao paulo,"partiu"
florianopolis,joao pessoa,"devagarinho"
florianopolis,maceio,"devagarinho"
florianopolis,sao luis,"devagarinho"
florianopolis,maceio,"me deixa louca"
florianopolis,sao luis,"me deixa louca"
florianopolis,joao pessoa,"eu quero e voce quer"
florianopolis,maceio,"eu quero e voce quer"
florianopolis,sao luis,"eu quero e voce quer"
florianopolis,goiania,"tumbalatum"
florianopolis,joao pessoa,"tumbalatum"
florianopolis,maceio,"tumbalatum"
florianopolis,porto velho,"tumbalatum"
florianopolis,sao luis,"tumbalatum"
florianopolis,sao paulo,"tumbalatum"
florianopolis,sao paulo,"envolvidao"
florianopolis,goiania,"farofei"
florianopolis,joao pessoa,"farofei"
florianopolis,sao paulo,"farofei"
florianopolis,goiania,"50 reais"
florianopolis,sao paulo,"50 reais"
florianopolis,maceio,"cheia de marra"
florianopolis,porto velho,"cheia de marra"
florianopolis,sao luis,"cheia de marra"
florianopolis,sao paulo,"falei pra elas"
florianopolis,goiania,"minha ex"
florianopolis,goiania,"elas gostam"
florianopolis,maceio,"elas gostam"
florianopolis,porto velho,"elas gostam"
florianopolis,sao luis,"elas gostam"
florianopolis,goiania,"byob"
florianopolis,joao pessoa,"taquita"
florianopolis,maceio,"taquita"
florianopolis,sao luis,"taquita"
florianopolis,goiania,"e essa boca ai? - ao vivo"
florianopolis,porto velho,"e essa boca ai? - ao vivo"
florianopolis,sao paulo,"e essa boca ai? - ao vivo"
florianopolis,goiania,"me & you (feat. iro)"
florianopolis,goiania,"amiga parceira"
florianopolis,sao paulo,"amiga parceira"
florianopolis,goiania,"pe direito"
florianopolis,porto velho,"pe direito"
florianopolis,sao paulo,"pe direito"
florianopolis,goiania,"aquele 1% - ao vivo"
florianopolis,sao paulo,"aquele 1% - ao vivo"
florianopolis,goiania,"oh meu deus"
florianopolis,joao pessoa,"oh meu deus"
florianopolis,sao luis,"oh meu deus"
florianopolis,sao paulo,"suite 14 - ao vivo"
florianopolis,sao paulo,"malbec (part. dennis dj) - ao vivo"
florianopolis,sao paulo,"pot-pourri: deixa acontecer / brilho de cristal - ao vivo"
fortaleza,rio branco,"doce amor"
fortaleza,maceio,"voce nao vale nada"
fortaleza,natal,"voce fugiu de mim"
fortaleza,teresina,"voce fugiu de mim"
fortaleza,natal,"you are my love"
fortaleza,teresina,"you are my love"
fortaleza,natal,"sede de te amar"
fortaleza,recife,"sede de te amar"
fortaleza,teresina,"sede de te amar"
fortaleza,natal,"nao da prazer"
fortaleza,teresina,"nao da prazer"
fortaleza,natal,"me namora"
fortaleza,teresina,"me namora"
fortaleza,teresina,"amo voce quero te ter - ao vivo"
fortaleza,natal,"obsessao"
fortaleza,teresina,"obsessao"
fortaleza,natal,"planeta de cores"
fortaleza,palmas,"planeta de cores"
fortaleza,teresina,"planeta de cores"
fortaleza,recife,"3 curtidas - ao vivo"
fortaleza,natal,"amor de rapariga"
fortaleza,recife,"amor de rapariga"
fortaleza,teresina,"amor de rapariga"
fortaleza,natal,"isso e imortal"
fortaleza,teresina,"isso e imortal"
fortaleza,manaus,"tentativas em vao"
fortaleza,natal,"tentativas em vao"
fortaleza,teresina,"estrelinha do ceu - ao vivo"
fortaleza,natal,"carta branca"
fortaleza,teresina,"sexo"
fortaleza,manaus,"voce chegou"
fortaleza,palmas,"voce chegou"
fortaleza,teresina,"voce chegou"
fortaleza,natal,"entao vai"
fortaleza,sao luis,"entao vai"
goiania,sao paulo,"fuego"
goiania,joao pessoa,"papel amassado - na praia 2 / ao vivo"
goiania,maceio,"papel amassado - na praia 2 / ao vivo"
goiania,porto velho,"papel amassado - na praia 2 / ao vivo"
goiania,sao luis,"papel amassado - na praia 2 / ao vivo"
goiania,sao paulo,"papel amassado - na praia 2 / ao vivo"
goiania,sao paulo,"se sobrar eu vendo - ao vivo"
goiania,joao pessoa,"do teto ao chao - ao vivo"
goiania,maceio,"do teto ao chao - ao vivo"
goiania,porto velho,"do teto ao chao - ao vivo"
goiania,sao luis,"do teto ao chao - ao vivo"
goiania,sao paulo,"do teto ao chao - ao vivo"
goiania,joao pessoa,"ate ex duvida - ao vivo"
goiania,maceio,"ate ex duvida - ao vivo"
goiania,porto velho,"ate ex duvida - ao vivo"
goiania,sao luis,"ate ex duvida - ao vivo"
goiania,sao paulo,"ate ex duvida - ao vivo"
goiania,sao paulo,"o cacto e o balao"
goiania,porto velho,"a nossa praia - na praia 2 / ao vivo"
goiania,sao paulo,"beba mais"
goiania,joao pessoa,"de quem e a culpa - ao vivo"
goiania,maceio,"de quem e a culpa - ao vivo"
goiania,porto velho,"de quem e a culpa - ao vivo"
goiania,sao luis,"de quem e a culpa - ao vivo"
goiania,sao paulo,"de quem e a culpa - ao vivo"
goiania,joao pessoa,"eu sei de cor - ao vivo"
goiania,maceio,"eu sei de cor - ao vivo"
goiania,sao luis,"eu sei de cor - ao vivo"
goiania,sao paulo,"eu sei de cor - ao vivo"
goiania,sao luis,"traicao nao tem perdao - ao vivo"
goiania,porto velho,"bateria acabou"
goiania,palmas,"casa amarela"
goiania,sao paulo,"sorte que ce beija bem - ao vivo"
goiania,porto velho,"baldinho de balada - ao vivo"
goiania,porto velho,"ficadinha - ao vivo"
goiania,sao paulo,"ficadinha - ao vivo"
goiania,porto velho,"to fazendo amor"
goiania,sao luis,"to fazendo amor"
goiania,sao paulo,"to fazendo amor"
goiania,porto velho,"vidinha de balada - ao vivo"
goiania,sao paulo,"vidinha de balada - ao vivo"
goiania,joao pessoa,"regime fechado - ao vivo"
goiania,maceio,"regime fechado - ao vivo"
goiania,porto velho,"regime fechado - ao vivo"
goiania,sao luis,"regime fechado - ao vivo"
goiania,porto velho,"ciumento eu - ao vivo"
goiania,sao paulo,"amor mal resolvido - ao vivo"
goiania,sao paulo,"a mala e falsa - ao vivo"
goiania,porto velho,"se o amor tiver lugar"
goiania,porto velho,"faixa 3 - ao vivo"
goiania,sao luis,"reza ai"
goiania,porto velho,"deixa a gente quieto - ao vivo"
goiania,sao paulo,"deixa a gente quieto - ao vivo"
goiania,porto velho,"ninguem e de ferro"
goiania,porto velho,"de buenas"
goiania,joao pessoa,"acordando o predio"
goiania,maceio,"acordando o predio"
goiania,porto velho,"acordando o predio"
goiania,sao luis,"acordando o predio"
goiania,joao pessoa,"eu to com ismo"
goiania,maceio,"eu to com ismo"
goiania,joao pessoa,"voce merece cache - ao vivo"
goiania,porto velho,"voce merece cache - ao vivo"
goiania,sao luis,"voce merece cache - ao vivo"
goiania,sao paulo,"voce merece cache - ao vivo"
goiania,porto velho,"homem de familia - ao vivo"
goiania,sao paulo,"homem de familia - ao vivo"
goiania,joao pessoa,"farofei"
goiania,sao paulo,"farofei"
goiania,porto velho,"e essa boca ai? - ao vivo"
goiania,sao paulo,"e essa boca ai? - ao vivo"
goiania,porto velho,"meu coracao deu pt - ao vivo"
goiania,sao paulo,"meu coracao deu pt - ao vivo"
goiania,sao paulo,"pra sempre com voce - ao vivo"
goiania,porto velho,"vish, aff, putz, nossa"
goiania,joao pessoa,"fantasma"
goiania,sao luis,"fantasma"
goiania,maceio,"o verao esta chegando"
goiania,sao luis,"o verao esta chegando"
goiania,sao paulo,"o verao esta chegando"
goiania,porto velho,"solteiro de novo - ao vivo"
goiania,sao paulo,"solteiro de novo - ao vivo"
goiania,sao paulo,"na hora da raiva - ao vivo"
goiania,joao pessoa,"estaca zero"
goiania,maceio,"estaca zero"
goiania,porto velho,"estaca zero"
goiania,sao luis,"estaca zero"
goiania,joao pessoa,"piloto automatico"
goiania,maceio,"piloto automatico"
goiania,sao luis,"piloto automatico"
goiania,sao paulo,"made in roca"
goiania,joao pessoa,"voce partiu meu coracao"
goiania,maceio,"voce partiu meu coracao"
goiania,porto velho,"voce partiu meu coracao"
goiania,sao luis,"voce partiu meu coracao"
goiania,sao paulo,"voce partiu meu coracao"
goiania,sao paulo,"nada bom ii"
goiania,porto velho,"solteiro apaixonado"
goiania,sao paulo,"solteiro apaixonado"
goiania,sao paulo,"amiga parceira"
goiania,sao paulo,"aquele 1% - ao vivo"
goiania,joao pessoa,"olha a explosao"
goiania,maceio,"olha a explosao"
goiania,porto velho,"olha a explosao"
goiania,sao luis,"olha a explosao"
goiania,joao pessoa,"tumbalatum"
goiania,maceio,"tumbalatum"
goiania,porto velho,"tumbalatum"
goiania,sao luis,"tumbalatum"
goiania,sao paulo,"tumbalatum"
goiania,porto velho,"pe direito"
goiania,sao paulo,"pe direito"
goiania,maceio,"partiu"
goiania,porto velho,"partiu"
goiania,sao luis,"partiu"
goiania,sao paulo,"partiu"
goiania,sao paulo,"50 reais"
goiania,salvador,"ta combinado - live"
goiania,maceio,"elas gostam"
goiania,porto velho,"elas gostam"
goiania,sao luis,"elas gostam"
goiania,joao pessoa,"todo dia"
goiania,sao paulo,"todo dia"
goiania,sao paulo,"michael douglas"
goiania,joao pessoa,"olha o gas - dennis remix"
goiania,maceio,"olha o gas - dennis remix"
goiania,porto velho,"olha o gas - dennis remix"
goiania,sao luis,"olha o gas - dennis remix"
goiania,sao paulo,"olha o gas - dennis remix"
goiania,joao pessoa,"me espera"
goiania,maceio,"me espera"
goiania,sao luis,"me espera"
goiania,joao pessoa,"oh meu deus"
goiania,sao luis,"oh meu deus"
goiania,joao pessoa,"remexe mexe"
goiania,maceio,"remexe mexe"
goiania,sao luis,"remexe mexe"
joao pessoa,maceio,"naquele mesmo bar - ao vivo"
joao pessoa,sao luis,"naquele mesmo bar - ao vivo"
joao pessoa,maceio,"vou te amar o ano inteiro - ao vivo"
joao pessoa,sao luis,"vou te amar o ano inteiro - ao vivo"
joao pessoa,maceio,"com amor nao se brinca - ao vivo"
joao pessoa,sao luis,"com amor nao se brinca - ao vivo"
joao pessoa,sao luis,"reza ai - ao vivo"
joao pessoa,maceio,"to de boaca - ao vivo"
joao pessoa,sao luis,"to de boaca - ao vivo"
joao pessoa,maceio,"santinha - ao vivo"
joao pessoa,sao luis,"santinha - ao vivo"
joao pessoa,maceio,"taquita"
joao pessoa,sao luis,"taquita"
joao pessoa,maceio,"cade voce? - acustico em trancoso / ao vivo"
joao pessoa,sao luis,"cade voce? - acustico em trancoso / ao vivo"
joao pessoa,sao luis,"to sensacional"
joao pessoa,maceio,"maravilhosa e ela (faixa bonus) - ao vivo"
joao pessoa,maceio,"papel amassado - na praia 2 / ao vivo"
joao pessoa,porto velho,"papel amassado - na praia 2 / ao vivo"
joao pessoa,sao luis,"papel amassado - na praia 2 / ao vivo"
joao pessoa,sao paulo,"papel amassado - na praia 2 / ao vivo"
joao pessoa,maceio,"devagarinho"
joao pessoa,sao luis,"devagarinho"
joao pessoa,maceio,"casado, namorando, solteiro"
joao pessoa,sao luis,"casado, namorando, solteiro"
joao pessoa,maceio,"cherecucheco"
joao pessoa,sao luis,"cherecucheco"
joao pessoa,sao luis,"um tal de toma - ao vivo"
joao pessoa,maceio,"por conta desse amor"
joao pessoa,sao luis,"por conta desse amor"
joao pessoa,maceio,"to limpando voce da minha vida (feat. solange almeida)"
joao pessoa,sao luis,"to limpando voce da minha vida (feat. solange almeida)"
joao pessoa,maceio,"despedida - ao vivo"
joao pessoa,manaus,"quem chorava hoje ri - ao vivo"
joao pessoa,sao luis,"quem chorava hoje ri - ao vivo"
joao pessoa,maceio,"ta cronometrado - ao vivo"
joao pessoa,maceio,"calcanhar de prego"
joao pessoa,salvador,"calcanhar de prego"
joao pessoa,sao luis,"calcanhar de prego"
joao pessoa,maceio,"o doce - acustico em trancoso / ao vivo"
joao pessoa,sao luis,"o doce - acustico em trancoso / ao vivo"
joao pessoa,maceio,"daquele jeito"
joao pessoa,sao luis,"daquele jeito"
joao pessoa,maceio,"desce com a gente"
joao pessoa,sao luis,"desce com a gente"
joao pessoa,maceio,"piloto automatico"
joao pessoa,sao luis,"piloto automatico"
joao pessoa,maceio,"me libera nega"
joao pessoa,maceio,"eu quero e voce quer"
joao pessoa,sao luis,"eu quero e voce quer"
joao pessoa,maceio,"vem nenem / agachadinho / nova danca - ao vivo em salvador"
joao pessoa,sao luis,"vem nenem / agachadinho / nova danca - ao vivo em salvador"
joao pessoa,maceio,"100% voce"
joao pessoa,sao luis,"100% voce"
joao pessoa,maceio,"do teto ao chao - ao vivo"
joao pessoa,porto velho,"do teto ao chao - ao vivo"
joao pessoa,sao luis,"do teto ao chao - ao vivo"
joao pessoa,sao paulo,"do teto ao chao - ao vivo"
joao pessoa,maceio,"oitava dose - na praia 2 / ao vivo"
joao pessoa,sao luis,"oitava dose - na praia 2 / ao vivo"
joao pessoa,maceio,"olha a explosao"
joao pessoa,porto velho,"olha a explosao"
joao pessoa,sao luis,"olha a explosao"
joao pessoa,maceio,"acordando o predio"
joao pessoa,porto velho,"acordando o predio"
joao pessoa,sao luis,"acordando o predio"
joao pessoa,sao luis,"agora"
joao pessoa,maceio,"de quem e a culpa - ao vivo"
joao pessoa,porto velho,"de quem e a culpa - ao vivo"
joao pessoa,sao luis,"de quem e a culpa - ao vivo"
joao pessoa,sao paulo,"de quem e a culpa - ao vivo"
joao pessoa,sao luis,"absurda"
joao pessoa,maceio,"dengo"
joao pessoa,sao luis,"teu santo nome - ao vivo"
joao pessoa,rio branco,"ninguem explica deus - ao vivo"
joao pessoa,sao luis,"ninguem explica deus - ao vivo"
joao pessoa,maceio,"cor de marte"
joao pessoa,sao luis,"cor de marte"
joao pessoa,sao luis,"zero a dez - ao vivo"
joao pessoa,maceio,"voce partiu meu coracao"
joao pessoa,porto velho,"voce partiu meu coracao"
joao pessoa,sao luis,"voce partiu meu coracao"
joao pessoa,sao paulo,"voce partiu meu coracao"
joao pessoa,maceio,"o que houve? - ao vivo"
joao pessoa,sao luis,"o que houve? - ao vivo"
joao pessoa,maceio,"minha felicidade"
joao pessoa,sao luis,"minha felicidade"
joao pessoa,maceio,"te pegar"
joao pessoa,sao luis,"te pegar"
joao pessoa,sao luis,"medo bobo - remix"
joao pessoa,maceio,"corpo sensual"
joao pessoa,sao luis,"corpo sensual"
joao pessoa,maceio,"ate ex duvida - ao vivo"
joao pessoa,porto velho,"ate ex duvida - ao vivo"
joao pessoa,sao luis,"ate ex duvida - ao vivo"
joao pessoa,sao paulo,"ate ex duvida - ao vivo"
joao pessoa,maceio,"me espera"
joao pessoa,sao luis,"me espera"
joao pessoa,sao luis,"santo espirito (holy spirit) - ao vivo"
joao pessoa,maceio,"meu cupido e gari - ao vivo"
joao pessoa,sao luis,"pra onde iremos? - ao vivo"
joao pessoa,sao luis,"voce gosta assim"
joao pessoa,sao luis,"espirito santo"
joao pessoa,maceio,"estaca zero"
joao pessoa,porto velho,"estaca zero"
joao pessoa,sao luis,"estaca zero"
joao pessoa,maceio,"loka"
joao pessoa,porto velho,"loka"
joao pessoa,sao luis,"loka"
joao pessoa,sao paulo,"loka"
joao pessoa,maceio,"k.o."
joao pessoa,sao luis,"k.o."
joao pessoa,sao paulo,"farofei"
joao pessoa,sao luis,"fantasma"
joao pessoa,sao paulo,"todo dia"
joao pessoa,maceio,"hoje e dia de maldade"
joao pessoa,sao luis,"hoje e dia de maldade"
joao pessoa,maceio,"sou eu"
joao pessoa,sao luis,"sou eu"
joao pessoa,maceio,"tumbalatum"
joao pessoa,porto velho,"tumbalatum"
joao pessoa,sao luis,"tumbalatum"
joao pessoa,sao paulo,"tumbalatum"
joao pessoa,maceio,"olha o gas - dennis remix"
joao pessoa,porto velho,"olha o gas - dennis remix"
joao pessoa,sao luis,"olha o gas - dennis remix"
joao pessoa,sao paulo,"olha o gas - dennis remix"
joao pessoa,porto velho,"voce merece cache - ao vivo"
joao pessoa,sao luis,"voce merece cache - ao vivo"
joao pessoa,sao paulo,"voce merece cache - ao vivo"
joao pessoa,maceio,"remexe mexe"
joao pessoa,sao luis,"remexe mexe"
joao pessoa,maceio,"nao me deixe sozinho"
joao pessoa,sao luis,"nao me deixe sozinho"
joao pessoa,maceio,"ultimo romance"
joao pessoa,sao luis,"ultimo romance"
joao pessoa,maceio,"amei te ver (acustica) - acustica"
joao pessoa,maceio,"eu sei de cor - ao vivo"
joao pessoa,sao luis,"eu sei de cor - ao vivo"
joao pessoa,sao paulo,"eu sei de cor - ao vivo"
joao pessoa,maceio,"eu to com ismo"
joao pessoa,sao paulo,"louca de saudade - ao vivo"
joao pessoa,maceio,"me namora (feat. edu ribeiro) - ao vivo"
joao pessoa,maceio,"casa pronta"
joao pessoa,maceio,"regime fechado - ao vivo"
joao pessoa,porto velho,"regime fechado - ao vivo"
joao pessoa,sao luis,"regime fechado - ao vivo"
joao pessoa,sao luis,"acredito (we believe)"
joao pessoa,sao luis,"sentimental"
joao pessoa,sao paulo,"ou some ou soma - ao vivo"
joao pessoa,sao luis,"oh meu deus"
joao pessoa,porto velho,"126 cabides"
joao pessoa,sao luis,"126 cabides"
maceio,sao luis,"vou te amar o ano inteiro - ao vivo"
maceio,sao luis,"com amor nao se brinca - ao vivo"
maceio,sao luis,"santinha - ao vivo"
maceio,sao luis,"desce com a gente"
maceio,sao luis,"to de boaca - ao vivo"
maceio,sao luis,"por conta desse amor"
maceio,sao luis,"me deixa louca"
maceio,sao luis,"cade voce? - acustico em trancoso / ao vivo"
maceio,sao luis,"cherecucheco"
maceio,sao luis,"daquele jeito"
maceio,sao luis,"casado, namorando, solteiro"
maceio,sao luis,"devagarinho"
maceio,salvador,"calcanhar de prego"
maceio,sao luis,"calcanhar de prego"
maceio,porto velho,"papel amassado - na praia 2 / ao vivo"
maceio,sao luis,"papel amassado - na praia 2 / ao vivo"
maceio,sao paulo,"papel amassado - na praia 2 / ao vivo"
maceio,sao luis,"naquele mesmo bar - ao vivo"
maceio,sao luis,"o doce - acustico em trancoso / ao vivo"
maceio,sao luis,"to limpando voce da minha vida (feat. solange almeida)"
maceio,sao luis,"vem nenem / agachadinho / nova danca - ao vivo em salvador"
maceio,sao luis,"taquita"
maceio,sao luis,"100% voce"
maceio,sao luis,"ela domina o ratata tum tum - ao vivo"
maceio,porto velho,"do teto ao chao - ao vivo"
maceio,sao luis,"do teto ao chao - ao vivo"
maceio,sao paulo,"do teto ao chao - ao vivo"
maceio,sao luis,"tua"
maceio,sao luis,"corpo sensual"
maceio,sao luis,"k.o."
maceio,sao luis,"cor de marte"
maceio,sao luis,"oitava dose - na praia 2 / ao vivo"
maceio,sao luis,"o que houve? - ao vivo"
maceio,sao luis,"eu quero e voce quer"
maceio,sao luis,"piloto automatico"
maceio,porto velho,"de quem e a culpa - ao vivo"
maceio,sao luis,"de quem e a culpa - ao vivo"
maceio,sao paulo,"de quem e a culpa - ao vivo"
maceio,porto velho,"olha a explosao"
maceio,sao luis,"olha a explosao"
maceio,porto velho,"acordando o predio"
maceio,sao luis,"acordando o predio"
maceio,porto velho,"olha o gas - dennis remix"
maceio,sao luis,"olha o gas - dennis remix"
maceio,sao paulo,"olha o gas - dennis remix"
maceio,porto velho,"tumbalatum"
maceio,sao luis,"tumbalatum"
maceio,sao paulo,"tumbalatum"
maceio,sao luis,"hoje e dia de maldade"
maceio,porto velho,"voce partiu meu coracao"
maceio,sao luis,"voce partiu meu coracao"
maceio,sao paulo,"voce partiu meu coracao"
maceio,sao luis,"remexe mexe"
maceio,porto velho,"estaca zero"
maceio,sao luis,"estaca zero"
maceio,sao luis,"minha felicidade"
maceio,porto velho,"loka"
maceio,sao luis,"loka"
maceio,sao paulo,"loka"
maceio,sao luis,"sou eu"
maceio,sao luis,"ultimo romance"
maceio,porto velho,"partiu"
maceio,sao luis,"partiu"
maceio,sao paulo,"partiu"
maceio,sao luis,"eu sei de cor - ao vivo"
maceio,sao paulo,"eu sei de cor - ao vivo"
maceio,porto velho,"ate ex duvida - ao vivo"
maceio,sao luis,"ate ex duvida - ao vivo"
maceio,sao paulo,"ate ex duvida - ao vivo"
maceio,sao luis,"o verao esta chegando"
maceio,sao paulo,"o verao esta chegando"
maceio,porto velho,"tudo de bom"
maceio,sao luis,"tudo de bom"
maceio,sao luis,"nao me deixe sozinho"
maceio,sao luis,"na ponta ela fica"
maceio,sao paulo,"na ponta ela fica"
maceio,sao luis,"bom"
maceio,sao luis,"apaga a luz e toma"
maceio,sao luis,"me espera"
maceio,sao luis,"perdendo a linha"
maceio,porto velho,"elas gostam"
maceio,sao luis,"elas gostam"
maceio,sao luis,"te pegar"
maceio,sao paulo,"eu, voce, o mar e ela"
maceio,porto velho,"cheia de marra"
maceio,sao luis,"cheia de marra"
maceio,porto velho,"regime fechado - ao vivo"
maceio,sao luis,"regime fechado - ao vivo"
manaus,natal,"tentativas em vao"
manaus,rio branco,"vai descendo"
manaus,natal,"verdadeiro amor - ao vivo"
manaus,teresina,"verdadeiro amor - ao vivo"
manaus,palmas,"flexiona"
manaus,rio branco,"flexiona"
manaus,teresina,"flexiona"
manaus,palmas,"dose envenenada"
manaus,sao luis,"quem chorava hoje ri - ao vivo"
manaus,natal,"decida - ao vivo"
manaus,teresina,"decida - ao vivo"
manaus,sao luis,"quem chorava hoje ri - ao vivo"
manaus,palmas,"nao e traicao"
manaus,teresina,"nao e traicao"
manaus,palmas,"filho do mato"
manaus,rio branco,"filho do mato"
manaus,teresina,"ficar numa boa"
manaus,palmas,"deixa eu te chamar de meu amor"
manaus,rio branco,"deixa eu te chamar de meu amor"
manaus,teresina,"deixa eu te chamar de meu amor"
manaus,palmas,"voce chegou"
manaus,teresina,"voce chegou"
natal,salvador,"dekole (dekole) [ao vivo]"
natal,teresina,"voce fugiu de mim"
natal,teresina,"online"
natal,recife,"desculpa"
natal,teresina,"desculpa"
natal,palmas,"ta rocheda"
natal,rio branco,"ta rocheda"
natal,teresina,"ta rocheda"
natal,recife,"love in gotham city"
natal,palmas,"planeta de cores"
natal,teresina,"planeta de cores"
natal,teresina,"decisao"
natal,recife,"anjo querubim"
natal,teresina,"anjo querubim"
natal,recife,"sede de te amar"
natal,teresina,"sede de te amar"
natal,teresina,"la raba"
natal,sao luis,"entao vai"
natal,teresina,"nao da prazer"
natal,teresina,"verdadeiro amor - ao vivo"
natal,teresina,"me namora"
natal,teresina,"se tivesse cuidado - ao vivo"
natal,teresina,"you are my love"
natal,teresina,"saudade louca de voce"
natal,palmas,"deixa lenta"
natal,rio branco,"deixa lenta"
natal,teresina,"deixa lenta"
natal,teresina,"petalas neon"
natal,teresina,"to caindo fora"
natal,teresina,"quero ser feliz"
natal,teresina,"mar de docura / a vontade que eu tenho - ao vivo"
natal,teresina,"leviana - live from sao paulo,brazil/2010"
natal,recife,"preta"
natal,rio branco,"preta"
natal,teresina,"preta"
natal,teresina,"chuveiro ligado"
natal,teresina,"erro preferido (imagina a cena) - ao vivo"
natal,salvador,"sarrando"
natal,recife,"amor de rapariga"
natal,teresina,"amor de rapariga"
natal,rio branco,"disputa das potrancas"
natal,teresina,"disputa das potrancas"
natal,recife,"nunca vai ser eu"
natal,recife,"senta devagar"
natal,teresina,"mamacita"
natal,teresina,"nao insista"
natal,teresina,"obsessao"
natal,teresina,"decida - ao vivo"
natal,recife,"popozao"
natal,teresina,"popozao"
natal,recife,"fui humilhado"
natal,palmas,"aquela nega"
natal,rio branco,"aquela nega"
natal,teresina,"isso e imortal"
natal,teresina,"frio na barriga"
natal,recife,"necessito"
natal,palmas,"open bar"
natal,palmas,"dna do interior"
natal,teresina,"dna do interior"
palmas,rio branco,"coracao de isca - ao vivo"
palmas,rio branco,"baladeiro"
palmas,teresina,"bora - ao vivo"
palmas,rio branco,"gargalo - ao vivo"
palmas,rio branco,"disk recaida - ao vivo"
palmas,rio branco,"quem e seu favorito - ao vivo"
palmas,teresina,"planeta de cores"
palmas,rio branco,"filho do mato"
palmas,rio branco,"lencol dobrado"
palmas,rio branco,"nota dez"
palmas,rio branco,"my baby"
palmas,teresina,"my baby"
palmas,rio branco,"aquela nega"
palmas,rio branco,"cobaia"
palmas,rio branco,"marketing - ao vivo"
palmas,rio branco,"deixa eu te chamar de meu amor"
palmas,teresina,"deixa eu te chamar de meu amor"
palmas,rio branco,"coracao de gelo"
palmas,teresina,"coracao de gelo"
palmas,rio branco,"divisao de bens - ao vivo"
palmas,teresina,"mala - ao vivo"
palmas,rio branco,"me chame de my love (participacao especial de gkay)"
palmas,rio branco,"eu sei que vem - ao vivo"
palmas,rio branco,"jenifer"
palmas,rio branco,"a queda foi na sua cama"
palmas,teresina,"dna do interior"
palmas,rio branco,"doce rotina - ao vivo"
palmas,rio branco,"moleque"
palmas,rio branco,"ne"
palmas,rio branco,"terra do ex"
palmas,rio branco,"nao era pra eu te amar"
palmas,rio branco,"chamou chamou"
palmas,rio branco,"ta rocheda"
palmas,teresina,"ta rocheda"
palmas,teresina,"solinho da rabeta"
palmas,rio branco,"reserva a mesa - ao vivo"
palmas,rio branco,"deixa lenta"
palmas,teresina,"deixa lenta"
palmas,rio branco,"ai voce chegou - ao vivo"
palmas,rio branco,"yeshua - ao vivo"
palmas,teresina,"voce chegou"
palmas,rio branco,"ai desgramou - ao vivo"
palmas,rio branco,"flexiona"
palmas,teresina,"flexiona"
palmas,rio branco,"materia de amor (participacao especial de matheus & kauan)"
palmas,rio branco,"empatia"
palmas,teresina,"nao e traicao"
palmas,rio branco,"aquieta minh'alma"
palmas,sao luis,"aquieta minh'alma"
porto velho,sao luis,"do teto ao chao - ao vivo"
porto velho,sao paulo,"do teto ao chao - ao vivo"
porto velho,sao luis,"ate ex duvida - ao vivo"
porto velho,sao paulo,"ate ex duvida - ao vivo"
porto velho,sao luis,"to fazendo amor"
porto velho,sao paulo,"to fazendo amor"
porto velho,sao luis,"papel amassado - na praia 2 / ao vivo"
porto velho,sao paulo,"papel amassado - na praia 2 / ao vivo"
porto velho,sao luis,"de quem e a culpa - ao vivo"
porto velho,sao paulo,"de quem e a culpa - ao vivo"
porto velho,sao luis,"regime fechado - ao vivo"
porto velho,sao paulo,"ficadinha - ao vivo"
porto velho,sao luis,"acordando o predio"
porto velho,sao luis,"olha a explosao"
porto velho,sao luis,"loka"
porto velho,sao paulo,"loka"
porto velho,sao luis,"126 cabides"
porto velho,sao paulo,"meu coracao deu pt - ao vivo"
porto velho,sao luis,"voce merece cache - ao vivo"
porto velho,sao paulo,"voce merece cache - ao vivo"
porto velho,sao luis,"voce partiu meu coracao"
porto velho,sao paulo,"voce partiu meu coracao"
porto velho,sao paulo,"pe direito"
porto velho,sao luis,"tumbalatum"
porto velho,sao paulo,"tumbalatum"
porto velho,sao luis,"olha o gas - dennis remix"
porto velho,sao paulo,"olha o gas - dennis remix"
porto velho,sao paulo,"e essa boca ai? - ao vivo"
porto velho,sao paulo,"deixa a gente quieto - ao vivo"
porto velho,sao luis,"elas gostam"
porto velho,sao paulo,"vidinha de balada - ao vivo"
porto velho,sao luis,"tudo de bom"
porto velho,sao paulo,"solteiro apaixonado"
porto velho,sao paulo,"seu policia - ao vivo"
porto velho,sao luis,"cheia de marra"
porto velho,sao paulo,"homem de familia - ao vivo"
porto velho,sao luis,"partiu"
porto velho,sao paulo,"partiu"
porto velho,sao paulo,"solteiro de novo - ao vivo"
porto velho,sao luis,"estaca zero"
recife,teresina,"desculpa"
recife,teresina,"amor de rapariga"
recife,teresina,"anjo querubim"
recife,teresina,"popozao"
recife,rio branco,"preta"
recife,teresina,"preta"
recife,teresina,"sofrendo por 100"
recife,teresina,"sede de te amar"
rio branco,teresina,"deixa lenta"
rio branco,teresina,"flexiona"
rio branco,teresina,"my baby"
rio branco,teresina,"stand by"
rio branco,teresina,"ta rocheda"
rio branco,teresina,"deixa eu te chamar de meu amor"
rio branco,teresina,"disputa das potrancas"
rio branco,teresina,"coracao de gelo"
rio branco,sao luis,"aquieta minh'alma"
rio branco,sao luis,"ninguem explica deus - ao vivo"
rio branco,teresina,"aquecimento da taina costa"
rio branco,teresina,"my baby"
rio branco,teresina,"12 horas - acustico"
rio branco,teresina,"novinha pode pa"
rio branco,teresina,"preta"
salvador,sao luis,"calcanhar de prego"
sao luis,sao paulo,"papel amassado - na praia 2 / ao vivo"
sao luis,sao paulo,"do teto ao chao - ao vivo"
sao luis,sao paulo,"de quem e a culpa - ao vivo"
sao luis,sao paulo,"ate ex duvida - ao vivo"
sao luis,sao paulo,"eu sei de cor - ao vivo"
sao luis,sao paulo,"olha o gas - dennis remix"
sao luis,sao paulo,"tumbalatum"
sao luis,sao paulo,"voce partiu meu coracao"
sao luis,sao paulo,"partiu"
sao luis,sao paulo,"loka"
sao luis,sao paulo,"na ponta ela fica"
sao luis,sao paulo,"o verao esta chegando"
sao luis,sao paulo,"to fazendo amor"
sao luis,sao paulo,"voce merece cache - ao vivo"

